<?xml version="1.0" encoding="UTF-8"?>
<Dokumenty>
    <Dokument>
        <DanePodmiotu>
            <Identyfikator>Identyfikator Podmiotu 2</Identyfikator>
            <TypOsoby>PP</TypOsoby>
            <ImieSkrot/>
            <NazwiskoNazwa>Nazwisko Nazwa Podmiotu 2</NazwiskoNazwa>
            <Nip>Nip 2</Nip>
            <Pesel/>
            <Regon>Regon 2</Regon>
            <Zgoda>true</Zgoda>
        </DanePodmiotu>
        <DaneNadawcy>
            <Uzytkownik>Nadawca: Uzytkownik 2</Uzytkownik>
            <System>Nadawca: System 2</System>
        </DaneNadawcy>
        <DataNadania>23.05.2019T14:34:19.549</DataNadania>
        <NazwaSkrytki>Nazwa Skrytki 2</NazwaSkrytki>
        <AdresSkrytki>Adres Skrytki 2</AdresSkrytki>
        <AdresOdpowiedzi>Adres Odpowiedzi 2</AdresOdpowiedzi>
        <DaneDodatkowe>Dane Dodatkowe 2</DaneDodatkowe>
        <NazwaPliku>Nazwa Pliku 2</NazwaPliku>
        <SciezkaWArchiwum>SciezkaWArchiwum 2</SciezkaWArchiwum>
    </Dokument>
</Dokumenty>
