<?xml version="1.0" encoding="UTF-8"?>
<Dokumenty>
    <Dokument>
        <DanePodmiotu>
            <Identyfikator>Identyfikator Podmiotu 1</Identyfikator>
            <TypOsoby>PP</TypOsoby>
            <ImieSkrot/>
            <NazwiskoNazwa>Nazwisko Nazwa Podmiotu 1</NazwiskoNazwa>
            <Nip>Nip 1</Nip>
            <Pesel/>
            <Regon>Regon 1</Regon>
            <Zgoda>true</Zgoda>
        </DanePodmiotu>
        <DaneNadawcy>
            <Uzytkownik>Nadawca: Uzytkownik 1</Uzytkownik>
            <System>Nadawca: System 1</System>
        </DaneNadawcy>
        <DataNadania>23.05.2019T14:34:19.549</DataNadania>
        <NazwaSkrytki>Nazwa Skrytki 1</NazwaSkrytki>
        <AdresSkrytki>Adres Skrytki 1</AdresSkrytki>
        <AdresOdpowiedzi>Adres Odpowiedzi 1</AdresOdpowiedzi>
        <DaneDodatkowe>Dane Dodatkowe 1</DaneDodatkowe>
        <NazwaPliku>Nazwa Pliku 1</NazwaPliku>
        <SciezkaWArchiwum>SciezkaWArchiwum 1</SciezkaWArchiwum>
    </Dokument>
</Dokumenty>
