<?xml version="1.0" encoding="UTF-8"?><?xml-stylesheet type="text/xsl" href="http://crd.gov.pl/wzor/2017/10/24/4566/styl.xsl"?>
<Dokument xmlns="http://crd.gov.pl/wzor/2017/10/24/4566/">
    <OpisDokumentu xmlns="http://crd.gov.pl/wzor/2017/10/24/4566/">
        <CID xmlns="http://crd.gov.pl/xml/schematy/struktura/2009/11/16/">xofsdfgbsn567567deta@pfe</CID>
        <OpisDokumentu xmlns="http://crd.gov.pl/xml/schematy/meta/2009/11/16/">Wzór pisma ogólnego</OpisDokumentu>
    </OpisDokumentu>
    <DaneDokumentu xmlns="http://crd.gov.pl/wzor/2017/10/24/4566/">
        <Data xmlns="http://crd.gov.pl/xml/schematy/meta/2009/11/16/" typDaty="stworzony">
            <Czas>2019-05-23</Czas>
        </Data>
        <Adresaci xmlns="http://crd.gov.pl/xml/schematy/struktura/2009/11/16/">
            <Podmiot xmlns="http://crd.gov.pl/xml/schematy/meta/2009/11/16/">
                <Instytucja xmlns="http://crd.gov.pl/xml/schematy/instytucja/2009/11/16/">
                    <NazwaInstytucji>-Nazwa Instytucji Adresata 1</NazwaInstytucji>
                    <Adres xmlns="http://crd.gov.pl/xml/schematy/adres/2009/11/09/">
                        <KodPocztowy>Kod Pocztowy</KodPocztowy>
                        <Miejscowosc>Miejscowość</Miejscowosc>
                        <Ulica>Ulica</Ulica>
                        <Budynek>Budynek</Budynek>
                    </Adres>
                </Instytucja>
            </Podmiot>
        </Adresaci>
        <Nadawcy xmlns="http://crd.gov.pl/xml/schematy/struktura/2009/11/16/">
            <Podmiot xmlns="http://crd.gov.pl/xml/schematy/meta/2009/11/16/">
                <Instytucja xmlns="http://crd.gov.pl/xml/schematy/instytucja/2009/11/16/">
                    <NazwaInstytucji>Nazwa Instytucji Nadawcy 1</NazwaInstytucji>
                    <Adres xmlns="http://crd.gov.pl/xml/schematy/adres/2009/11/09/">
                        <KodPocztowy>Kod Pocztowy</KodPocztowy>
                        <Miejscowosc>Miejscowość</Miejscowosc>
                        <Ulica>Ulica</Ulica>
                        <Budynek>Budynek</Budynek>
                    </Adres>
                </Instytucja>
            </Podmiot>
        </Nadawcy>
    </DaneDokumentu>
    <TrescDokumentu format="text/xml" kodowanie="XML">
        <MiejscowoscDokumentu>Miejscowosc Dokumentu</MiejscowoscDokumentu>
        <Tytul>Tytuł Dokumentu 1</Tytul>
        <RodzajWnioskuRozszerzony jakiInny="Doprecyzuj rodzaj pisma. Wypełnij tylko w przypadku wybrania rodzaju wniosku: inne pismo!" rodzaj="wniosek"/>
		<Informacje>
			<Informacja>Dzień dobry, ta wiadomość została wygenerowana automatycznie z systemu obiegu dokumentów. Właściwe pismo znajduje się w załączniku tej wiadomości.</Informacja>
			<Informacja>Znak: 1/2/3/4/5/2021</Informacja>
		</Informacje>
        <Zalaczniki xmlns="http://crd.gov.pl/xml/schematy/struktura/2009/11/16/">
            <Zalacznik format="text/html" kodowanie="URI" nazwaPliku="Pismo ogolne (ePUAP).html">
                <DaneZalacznika>https://epuap.gov.pl/file-download-servlet/DownloadServlet?fileId=12345</DaneZalacznika>
            </Zalacznik>
            <Zalacznik format="text/xml" kodowanie="URI" nazwaPliku="Pismo ogolne (ePUAP).xml">
                <DaneZalacznika>https://epuap.gov.pl/file-download-servlet/DownloadServlet?fileId=12345</DaneZalacznika>
            </Zalacznik>
            <Zalacznik format="text/xml" kodowanie="URI" nazwaPliku="styl_crd.gov.pl_wzor_2017_10_24_4566_.xsl">
                <DaneZalacznika>https://epuap.gov.pl/file-download-servlet/DownloadServlet?fileId=12345</DaneZalacznika>
            </Zalacznik>
        </Zalaczniki>
    </TrescDokumentu>
</Dokument>